{
  "en": {
    "welcome": "Welcome to Movie Ticket Booking",
    "login": "Login",
    "signup": "Sign Up",
    "selectAMovie" : "Select a Movie",
    "noAccount" : "Don't have an account?",
    "selectShowtime" : "Select Showtime:",
    "book" : "Book",
    "already" : "Already have an account?",
    "showTime" : "Showtime:",
    "bookMovieTicket" : "Pick your seats",
    "summary" : "Booking Summary",
    "movie" : "Movie:",
    "seat" : "Seats:",
    "price" : "Total Price:",
    "confirm" : "Confirm"

  },
  "th": {
    "welcome": "ยินดีต้อนรับสู่ระบบจองตั๋วภาพยนตร์",
    "login": "เข้าสู่ระบบ",
    "signup": "สมัครใช้งาน",
    "selectAMovie" : "เลือกภาพยนตร์",
    "noAccount" : "ยังไม่เคยลงทะเบียน?",
    "selectShowtime" : "เลือกรอบฉาย:",
    "book" : "จอง",
    "already" : "มีบัญชีอยู่แล้ว",
    "showTime" : "รอบฉาย:",
    "bookMovieTicket" : "เลือกจองที่นั่ง",
    "summary" : "รายละเอียดการจอง",
    "movie" : "ชื่อเรื่อง:",
    "seat" : "ที่นั่ง",
    "price" : "ยอดรวม:",
    "confirm" : "ยืนยัน"
  }
}