[
  {
    "customerName": "bob",
    "movieTitle": "Minecraft",
    "showtime": "17:00",
    "selectedSeats": [
      "A1",
      "A2",
      "A3",
      "A4"
    ],
    "totalPrice": 800,
    "date": "2025-04-01T02:56:17.389Z"
  },
  {
    "customerName": "Harry",
    "movieTitle": "Transformers",
    "showtime": "09:00",
    "selectedSeats": [
      "A4",
      "B4"
    ],
    "totalPrice": 400,
    "date": "2025-04-01T02:56:49.405Z"
  },
  {
    "customerName": "bob",
    "movieTitle": "Minecraft",
    "showtime": "17:00",
    "selectedSeats": [
      "A5",
      "A6",
      "B6",
      "B5"
    ],
    "totalPrice": 800,
    "date": "2025-04-01T03:42:06.423Z"
  },
  {
    "customerName": "bob",
    "movieTitle": "Avengers Endgame",
    "showtime": "09:00",
    "selectedSeats": [
      "A4",
      "B5",
      "A6"
    ],
    "totalPrice": 600,
    "date": "2025-04-01T03:42:36.479Z"
  },
  {
    "customerName": "bob",
    "movieTitle": "Minecraft",
    "showtime": "09:00",
    "selectedSeats": [
      "A5",
      "A6",
      "B6",
      "B5",
      "B7",
      "A7"
    ],
    "totalPrice": 1200,
    "date": "2025-04-01T03:42:43.111Z"
  },
  {
    "customerName": "bob",
    "movieTitle": "Minecraft",
    "showtime": "09:00",
    "selectedSeats": [
      "B8",
      "A9",
      "B10"
    ],
    "totalPrice": 600,
    "date": "2025-04-01T03:42:47.134Z"
  },
  {
    "customerName": "bob",
    "movieTitle": "Minecraft",
    "showtime": "09:00",
    "selectedSeats": [
      "B9"
    ],
    "totalPrice": 200,
    "date": "2025-04-01T03:42:50.366Z"
  },
  {
    "customerName": "bob",
    "movieTitle": "Avengers Endgame",
    "showtime": "09:00",
    "selectedSeats": [
      "B6",
      "A5",
      "B4"
    ],
    "totalPrice": 600,
    "date": "2025-04-01T03:42:54.126Z"
  },
  {
    "customerName": "bob",
    "movieTitle": "Transformers",
    "showtime": "09:00",
    "selectedSeats": [
      "B5",
      "A5",
      "A6",
      "B6"
    ],
    "totalPrice": 800,
    "date": "2025-04-01T03:42:58.350Z"
  },
  {
    "customerName": "bob",
    "movieTitle": "Minecraft",
    "showtime": "09:00",
    "selectedSeats": [
      "A4"
    ],
    "totalPrice": 200,
    "date": "2025-04-01T03:43:03.214Z"
  },
  {
    "customerName": "bob",
    "movieTitle": "Minecraft",
    "showtime": "17:00",
    "selectedSeats": [
      "B7",
      "B8"
    ],
    "totalPrice": 400,
    "date": "2025-04-01T06:03:52.744Z"
  }
]